folder,param1,param2,csv_name,c,d,Best_Mu,P_at_BestMu,Delta_at_BestMu
-28_-32,-28,-32,CHEES_-28_4200.csv,-28,4200,1.27735479236936,4.18192778298008,4.13083359128531
-26_-32,-26,-32,CHEES_-26_4200.csv,-26,4200,1.28835549298542,4.65026859999555,4.59873438027614
-28_-34,-28,-34,CHEES_-28_4200.csv,-28,4200,1.29246901088974,4.05052938690253,3.99883062646694
-28_-35,-28,-35,CHEES_-28_4200.csv,-28,4200,1.30061925175538,3.99419910621716,3.94217433614694
-26_-34,-26,-34,CHEES_-27_4200.csv,-27,4200,1.30412572973362,4.0934768568493,4.04131182765995
-30_-32,-30,-32,CHEES_-30_4200.csv,-30,4200,1.30498386083973,3.78804029184057,3.73584093740698
-30_-34,-30,-34,CHEES_-30_4200.csv,-30,4200,1.30834547918295,3.68817830623048,3.63584448706316
-28_-36,-28,-36,CHEES_-28_4200.csv,-28,4200,1.30948755987717,3.93763348753928,3.88525398514419
-24_-32,-24,-32,CHEES_-26_4200.csv,-26,4200,1.31099454798784,4.37769868673502,4.3252589048155
-30_-35,-30,-35,CHEES_-30_4200.csv,-30,4200,1.31175771769174,3.64304706437303,3.59057675566536
-26_-35,-26,-35,CHEES_-27_4200.csv,-27,4200,1.3130605698071,4.03833296267936,3.98581053988707
-30_-36,-30,-36,CHEES_-30_4200.csv,-30,4200,1.3152783553623,3.60464598666131,3.55203485244681
-28_-37,-28,-37,CHEES_-28_4200.csv,-28,4200,1.31876337464417,3.8849955101714,3.83224497518563
-30_-37,-30,-37,CHEES_-30_4200.csv,-30,4200,1.31970748573861,3.5673362902121,3.51454799078255
-26_-36,-26,-36,CHEES_-27_4200.csv,-27,4200,1.32269544094356,3.98630422856427,3.93339641092653
-30_-38,-30,-38,CHEES_-30_4200.csv,-30,4200,1.32496547889876,3.53100677022273,3.47800815106678
-24_-34,-24,-34,CHEES_-26_4200.csv,-26,4200,1.32707382709186,4.2510621676655,4.19797921458183
-28_-38,-28,-38,CHEES_-29_4200.csv,-29,4200,1.32755419035993,3.53931325078978,3.48621108317538
-26_-37,-26,-37,CHEES_-28_4200.csv,-28,4200,1.33287012785148,3.67345194222299,3.62013713710893
-22_-32,-22,-32,CHEES_-26_4200.csv,-26,4200,1.33366944192392,4.29326636992992,4.23991959225297
-24_-35,-24,-35,CHEES_-27_4200.csv,-27,4200,1.33449631437478,3.91530269513255,3.86192284255756
-30_-40,-30,-40,CHEES_-30_4200.csv,-30,4200,1.33740164609414,3.46506029057008,3.41156422472631
-26_-38,-26,-38,CHEES_-28_4200.csv,-28,4200,1.34002903396983,3.63659950166398,3.58299834030519
-24_-36,-24,-36,CHEES_-27_4200.csv,-27,4200,1.34144700536567,3.8656494433386,3.81199156312397
-28_-40,-28,-40,CHEES_-29_4200.csv,-29,4200,1.34207891968899,3.47960439906633,3.42592124227877
-22_-34,-22,-34,CHEES_-26_4200.csv,-26,4200,1.34588516821423,4.16681932336635,4.11298391663778
-20_-32,-20,-32,CHEES_-26_4200.csv,-26,4200,1.34926086468672,4.24690800420603,4.19293756961856
-24_-37,-24,-37,CHEES_-27_4200.csv,-27,4200,1.34957760166872,3.81707962939913,3.76309652533238
-22_-35,-22,-35,CHEES_-27_4200.csv,-27,4200,1.35129926087576,3.85635193015199,3.80229995971696
-30_-42,-30,-42,CHEES_-30_4200.csv,-30,4200,1.35177146978414,3.40651301062773,3.35244215183636
-26_-40,-26,-40,CHEES_-28_4200.csv,-28,4200,1.35666933877538,3.56642991764688,3.51216314409586
-24_-38,-24,-38,CHEES_-28_4200.csv,-28,4200,1.3569159447653,3.55806625500184,3.50378961721123
-22_-36,-22,-36,CHEES_-27_4200.csv,-27,4200,1.35731971987753,3.80584520716755,3.75155241837245
-28_-42,-28,-42,CHEES_-29_4200.csv,-29,4200,1.35859289184288,3.42508913218809,3.37074541651437
-20_-34,-20,-34,CHEES_-26_4200.csv,-26,4200,1.35985647234221,4.12228180813058,4.06788754923689
-18_-32,-18,-32,CHEES_-26_4200.csv,-26,4200,1.36016368383132,4.2191792347979,4.16477268744465
-20_-35,-20,-35,CHEES_-27_4200.csv,-27,4200,1.36435373857075,3.81903522344252,3.76446107389969
-22_-37,-22,-37,CHEES_-27_4200.csv,-27,4200,1.36449004689695,3.75675300157076,3.70217339969488
-30_-44,-30,-44,CHEES_-31_4200.csv,-31,4200,1.36706032974594,3.14690808427759,3.09222567108775
-16_-32,-16,-32,CHEES_-26_4200.csv,-26,4200,1.3684157461963,4.19980732921473,4.14507069936688
-20_-36,-20,-36,CHEES_-27_4200.csv,-27,4200,1.36995736958842,3.76744888103132,3.71265058624778
-18_-34,-18,-34,CHEES_-27_4200.csv,-27,4200,1.37019865280296,3.84438725198558,3.78957930587346
-22_-38,-22,-38,CHEES_-28_4200.csv,-28,4200,1.37078828595816,3.51085476256207,3.45602323112375
-24_-40,-24,-40,CHEES_-28_4200.csv,-28,4200,1.37131768739619,3.48884923651947,3.43399652902362
-26_-42,-26,-42,CHEES_-29_4200.csv,-29,4200,1.37156997996806,3.31819770098498,3.26333490178626
-20_-38,-20,-38,CHEES_-33_4200.csv,-33,4200,1.37206647490159,3.03380067681574,2.97891801781968
-18_-35,-18,-35,CHEES_-27_4200.csv,-27,4200,1.3739171136055,3.79464488011584,3.73968819557162
-28_-44,-28,-44,CHEES_-30_4200.csv,-30,4200,1.37459286702059,3.19550576662991,3.14052205194909
-14_-32,-14,-32,CHEES_-26_4200.csv,-26,4200,1.37474601225304,4.18582203835864,4.13083219786851
-20_-37,-20,-37,CHEES_-27_4200.csv,-27,4200,1.37627804913365,3.72073255372489,3.66568143175954
-16_-34,-16,-34,CHEES_-27_4200.csv,-27,4200,1.37767907364853,3.82820125667803,3.77309409373209
-18_-36,-18,-36,CHEES_-27_4200.csv,-27,4200,1.37924006151029,3.74377904382439,3.68860944136398
-12_-32,-12,-32,CHEES_-26_4200.csv,-26,4200,1.37994192014742,4.17524509573771,4.12004741893181
-30_-46,-30,-46,CHEES_-31_4200.csv,-31,4200,1.3801744119144,3.11854609405849,3.06333911758191
-16_-35,-16,-35,CHEES_-27_4200.csv,-27,4200,1.38177792287426,3.77632111537836,3.72104999846339
-22_-40,-22,-40,CHEES_-28_4200.csv,-28,4200,1.38312568976497,3.44283432272858,3.38750929513799
-14_-34,-14,-34,CHEES_-27_4200.csv,-27,4200,1.38387683432722,3.81436481738997,3.75900974401688
-10_-32,-10,-32,CHEES_-26_4200.csv,-26,4200,1.384118314192,4.16637658299561,4.11101185042793
-24_-42,-24,-42,CHEES_-29_4200.csv,-29,4200,1.38450754173305,3.26194738258074,3.20656708091141
-18_-37,-18,-37,CHEES_-28_4200.csv,-28,4200,1.38555887517692,3.49934184644149,3.44391949143441
-16_-36,-16,-36,CHEES_-27_4200.csv,-27,4200,1.38721458051419,3.72400991631049,3.66852133308992
-26_-44,-26,-44,CHEES_-29_4200.csv,-29,4200,1.38726412327276,3.27318064908256,3.21769008415165
-8_-32,-8,-32,CHEES_-26_4200.csv,-26,4200,1.38744450385503,4.15979622080694,4.10429844065274
-14_-35,-14,-35,CHEES_-27_4200.csv,-27,4200,1.38795311248838,3.76250149907092,3.70698337457138
-12_-34,-12,-34,CHEES_-27_4200.csv,-27,4200,1.38873137037659,3.80421070481717,3.74866145000211
-7_-32,-7,-32,CHEES_-26_4200.csv,-26,4200,1.3888972160634,4.15680362956516,4.10124774092263
-28_-46,-28,-46,CHEES_-30_4200.csv,-30,4200,1.38945789336184,3.16330140898615,3.10772309325168
-6_-32,-6,-32,CHEES_-26_4200.csv,-26,4200,1.39031801646902,4.15491485001244,4.09930212935368
-18_-38,-18,-38,CHEES_-28_4200.csv,-28,4200,1.39051697110727,3.46109117575263,3.40547049690833
-10_-35,-10,-35,CHEES_-26_4200.csv,-26,4200,1.39086634603519,4.12026947770484,4.06463482386344
-5_-32,-5,-32,CHEES_-26_4200.csv,-26,4200,1.391566644102,4.15272422766524,4.09706156190116
-16_-37,-16,-37,CHEES_-28_4200.csv,-28,4200,1.39277592787617,3.48357369200648,3.42786265489143
-10_-34,-10,-34,CHEES_-27_4200.csv,-27,4200,1.39294610126803,3.79613858562035,3.74042074156962
-12_-35,-12,-35,CHEES_-27_4200.csv,-27,4200,1.39301252200118,3.75157821611735,3.69585771523731
-14_-36,-14,-36,CHEES_-27_4200.csv,-27,4200,1.39307817353839,3.71171700989333,3.6559938829518
-20_-40,-20,-40,CHEES_-28_4200.csv,-28,4200,1.39349404885004,3.41084499663482,3.35510523468081
-30_-48,-30,-48,CHEES_-31_4200.csv,-31,4200,1.39439964482325,3.09387451113035,3.03809852533742
-22_-42,-22,-42,CHEES_-29_4200.csv,-29,4200,1.39547736698169,3.22512052747903,3.16930143279976
-8_-34,-8,-34,CHEES_-27_4200.csv,-27,4200,1.39642861523054,3.78917405143632,3.7333169068271
-16_-38,-16,-38,CHEES_-28_4200.csv,-28,4200,1.39749746757558,3.44419694281403,3.38829704411101
-7_-34,-7,-34,CHEES_-27_4200.csv,-27,4200,1.39788713785509,3.78728508994889,3.73136960443469
-12_-36,-12,-36,CHEES_-27_4200.csv,-27,4200,1.39839889731773,3.69990164033302,3.64396568444031
-24_-44,-24,-44,CHEES_-29_4200.csv,-29,4200,1.39848303265396,3.21674182874823,3.16080250744207
-14_-37,-14,-37,CHEES_-28_4200.csv,-28,4200,1.39865440938232,3.47272628135941,3.41678010498411
-6_-34,-6,-34,CHEES_-27_4200.csv,-27,4200,1.39925973626806,3.78332149678987,3.72735110733915
-26_-46,-26,-46,CHEES_-30_4200.csv,-30,4200,1.4005023555539,3.09111307483249,3.03509298061034
-5_-34,-5,-34,CHEES_-27_4200.csv,-27,4200,1.40072326547259,3.7813485308931,3.72531960027419
-8_-35,-8,-35,CHEES_-27_4200.csv,-27,4200,1.40136280117237,3.73682437628803,3.68076986424114
-18_-40,-18,-40,CHEES_-28_4200.csv,-28,4200,1.40174112591895,3.3887130129408,3.33264336790404
-7_-35,-7,-35,CHEES_-27_4200.csv,-27,4200,1.40244127233619,3.73340487372318,3.67730722282973
-10_-36,-10,-36,CHEES_-27_4200.csv,-27,4200,1.40266739844324,3.69132928437723,3.6352225884395
-14_-38,-14,-38,CHEES_-28_4200.csv,-28,4200,1.40335283154278,3.43201461507875,3.37588050181704
-12_-37,-12,-37,CHEES_-28_4200.csv,-28,4200,1.40361609330725,3.46193663281292,3.40579198908063
-28_-48,-28,-48,CHEES_-31_4200.csv,-31,4200,1.40368043990782,3.0003556843334,2.94420846673708
-6_-35,-6,-35,CHEES_-27_4200.csv,-27,4200,1.40401227511814,3.7306328979372,3.67447240693248
-20_-42,-20,-42,CHEES_-29_4200.csv,-29,4200,1.40483055259027,3.19904275591658,3.14284953381297
-5_-35,-5,-35,CHEES_-27_4200.csv,-27,4200,1.40555086447641,3.72651834534597,3.67029631076691
-8_-36,-8,-36,CHEES_-27_4200.csv,-27,4200,1.40653397374009,3.6837940613777,3.6275327024281
-10_-37,-10,-37,CHEES_-28_4200.csv,-28,4200,1.40775359574178,3.45441055942573,3.39810041559606
-7_-36,-7,-36,CHEES_-27_4200.csv,-27,4200,1.40822394711171,3.67933522097197,3.6230062630875
-12_-38,-12,-38,CHEES_-28_4200.csv,-28,4200,1.40828686757147,3.42186084289529,3.36552936819243
-22_-44,-22,-44,CHEES_-29_4200.csv,-29,4200,1.40844089889551,3.18032333029,3.12398569433418
-16_-40,-16,-40,CHEES_-28_4200.csv,-28,4200,1.40858621885889,3.3717719098264,3.31542846107204
-30_-50,-30,-50,CHEES_-32_4200.csv,-32,4200,1.40901453333244,2.93890915573549,2.88254857440219
-6_-36,-6,-36,CHEES_-27_4200.csv,-27,4200,1.4103901632933,3.67664933928362,3.62023373275189
-24_-46,-24,-46,CHEES_-30_4200.csv,-30,4200,1.41073475819914,3.04774801367783,2.99131862334987
-5_-36,-5,-36,CHEES_-27_4200.csv,-27,4200,1.41122516285289,3.67478756428157,3.61833855776745
-8_-37,-8,-37,CHEES_-28_4200.csv,-28,4200,1.41129515085689,3.44818249491336,3.39173068887909
-18_-42,-18,-42,CHEES_-29_4200.csv,-29,4200,1.41261187437983,3.178358534404,3.12185405942881
-10_-38,-10,-38,CHEES_-28_4200.csv,-28,4200,1.4126642489883,3.41258971498681,3.35608314502728
-7_-37,-7,-37,CHEES_-28_4200.csv,-28,4200,1.41296101283242,3.44425875544413,3.38774031493084
-6_-37,-6,-37,CHEES_-28_4200.csv,-28,4200,1.41434502369879,3.44246874597439,3.38589494502644
-26_-48,-26,-48,CHEES_-31_4200.csv,-31,4200,1.41460658820738,2.94584676532548,2.88926250179719
-14_-40,-14,-40,CHEES_-28_4200.csv,-28,4200,1.41469528801206,3.35792083358346,3.30133302206298
-5_-37,-5,-37,CHEES_-28_4200.csv,-28,4200,1.41590352235124,3.44023502223245,3.3835988813384
-8_-38,-8,-38,CHEES_-28_4200.csv,-28,4200,1.41632182125802,3.4056798259212,3.34902695307088
-20_-44,-20,-44,CHEES_-29_4200.csv,-29,4200,1.41718444673108,3.15258622306683,3.09589884519759
-28_-50,-28,-50,CHEES_-31_4200.csv,-31,4200,1.41756682872003,2.98119225260601,2.92448957945721
-7_-38,-7,-38,CHEES_-28_4200.csv,-28,4200,1.41799043882086,3.40263769182212,3.34591807426929
-6_-38,-6,-38,CHEES_-28_4200.csv,-28,4200,1.41937688381572,3.40082922630275,3.34405415095013
-16_-42,-16,-42,CHEES_-29_4200.csv,-29,4200,1.41945616142216,3.16431130985668,3.1075330633998
-12_-40,-12,-40,CHEES_-28_4200.csv,-28,4200,1.4195537641608,3.34803839214561,3.29125624157918
-22_-46,-22,-46,CHEES_-30_4200.csv,-30,4200,1.42005490060247,3.01680778797336,2.96000559194926
-16_-46,-16,-46,CHEES_-32_4200.csv,-32,4200,1.42074621955485,2.8451247526964,2.78829490391421
-5_-38,-5,-38,CHEES_-28_4200.csv,-28,4200,1.42076877963484,3.39784339723622,3.34101264605082
-12_-48,-12,-48,CHEES_-31_4200.csv,-31,4200,1.42154565912229,3.1322620245407,3.07540019817581
-30_-52,-30,-52,CHEES_-32_4200.csv,-32,4200,1.42212713798428,2.92705872009337,2.87017363457399
-10_-48,-10,-48,CHEES_-31_4200.csv,-31,4200,1.42308967286529,3.09115447169912,3.03423088478451
-10_-40,-10,-40,CHEES_-28_4200.csv,-28,4200,1.4239466066839,3.33849802477318,3.28154016050582
-24_-48,-24,-48,CHEES_-30_4200.csv,-30,4200,1.42422829611566,3.02027894970639,2.96330981786176
-14_-42,-14,-42,CHEES_-29_4200.csv,-29,4200,1.42452124811354,3.15154007935619,3.09455922943165
-18_-44,-18,-44,CHEES_-29_4200.csv,-29,4200,1.42457469698043,3.13230359280488,3.07532060492566
-26_-50,-26,-50,CHEES_-31_4200.csv,-31,4200,1.42681716729655,2.92863782592782,2.87156513923596
-8_-40,-8,-40,CHEES_-29_4200.csv,-29,4200,1.42756179702479,3.1815908905687,3.12448841868771
-20_-46,-20,-46,CHEES_-30_4200.csv,-30,4200,1.42803410774694,2.99397931634898,2.93685795203911
-7_-40,-7,-40,CHEES_-29_4200.csv,-29,4200,1.42943157353686,3.17891978631602,3.12174252337454
-12_-42,-12,-42,CHEES_-29_4200.csv,-29,4200,1.42967331807599,3.14095456952178,3.08376763679874
-16_-44,-16,-44,CHEES_-29_4200.csv,-29,4200,1.4305696834278,3.11743662506241,3.0602138377253
-28_-52,-28,-52,CHEES_-32_4200.csv,-32,4200,1.43081108360016,2.86159790594206,2.80436546259805
-6_-40,-6,-40,CHEES_-28_4200.csv,-28,4200,1.43098190968239,3.32395281350571,3.26671353711841
-5_-40,-5,-40,CHEES_-29_4200.csv,-29,4200,1.4325381322656,3.17252858204825,3.11522705675763
-22_-48,-22,-48,CHEES_-31_4200.csv,-31,4200,1.43266145031224,2.88414878346297,2.82684232545048
-10_-42,-10,-42,CHEES_-29_4200.csv,-29,4200,1.43371101216162,3.13236001295664,3.07501157247018
-18_-46,-18,-46,CHEES_-30_4200.csv,-30,4200,1.43489209190779,2.97579968545935,2.91840400178304
-30_-54,-30,-54,CHEES_-33_4200.csv,-33,4200,1.43568669319058,2.816747773565,2.75932030583738
-24_-50,-24,-50,CHEES_-31_4200.csv,-31,4200,1.43576341892949,2.8923611179598,2.83493058120263
-14_-44,-14,-44,CHEES_-29_4200.csv,-29,4200,1.43610854639163,3.10409162993714,3.04664728808148
-8_-42,-8,-42,CHEES_-29_4200.csv,-29,4200,1.43730895943954,3.12578170199184,3.06828934361426
-7_-42,-7,-42,CHEES_-29_4200.csv,-29,4200,1.43897024354653,3.12268827903692,3.06512946929505
-26_-52,-26,-52,CHEES_-32_4200.csv,-32,4200,1.43962239938868,2.81918439031038,2.76159949433483
-20_-48,-20,-48,CHEES_-31_4200.csv,-31,4200,1.44004413211406,2.86423213318889,2.80663036790433
-6_-42,-6,-42,CHEES_-29_4200.csv,-29,4200,1.44050011381069,3.1197344810198,3.06211447646738
-12_-44,-12,-44,CHEES_-30_4200.csv,-30,4200,1.44085572650737,2.97402895101059,2.91639472195029
-8_-46,-8,-46,CHEES_-29_4200.csv,-29,4200,1.44218840707826,3.168140958151,3.11045342186787
-5_-42,-5,-42,CHEES_-29_4200.csv,-29,4200,1.44231149359171,3.11628419596296,3.05859173621929
-28_-54,-28,-54,CHEES_-32_4200.csv,-32,4200,1.4436162265279,2.85261452487091,2.79486987580979
-22_-50,-22,-50,CHEES_-31_4200.csv,-31,4200,1.44367120816624,2.86630960041155,2.8085627520849
-10_-44,-10,-44,CHEES_-30_4200.csv,-30,4200,1.44493201538037,2.96645552714542,2.9086582465302
-14_-46,-14,-46,CHEES_-30_4200.csv,-30,4200,1.4462486563571,2.94955160288532,2.89170165663103
-18_-48,-18,-48,CHEES_-30_4200.csv,-30,4200,1.44672198173933,2.94763371110083,2.88976483183125
-30_-56,-30,-56,CHEES_-33_4200.csv,-33,4200,1.44778045012102,2.8129423781374,2.75503116013256
-24_-52,-24,-52,CHEES_-32_4200.csv,-32,4200,1.44820134432446,2.78879339281657,2.73086533904359
-8_-44,-8,-44,CHEES_-30_4200.csv,-30,4200,1.44856563416966,2.95976116562498,2.90181854025819
-7_-44,-7,-44,CHEES_-30_4200.csv,-30,4200,1.45025556688902,2.95622164933893,2.89821142666337
-5_-44,-5,-44,CHEES_-29_4200.csv,-29,4200,1.45053643086354,3.08099758660683,3.02297612937229
-12_-46,-12,-46,CHEES_-30_4200.csv,-30,4200,1.45084219776395,2.9397334216644,2.88169973375384
-20_-50,-20,-50,CHEES_-31_4200.csv,-31,4200,1.45085727290127,2.84549153384099,2.78745724292494
-26_-54,-26,-54,CHEES_-32_4200.csv,-32,4200,1.45151861442961,2.81098868393275,2.75292793935557
-6_-44,-6,-44,CHEES_-30_4200.csv,-30,4200,1.45175184267379,2.95345790885586,2.89538783514891
-16_-48,-16,-48,CHEES_-31_4200.csv,-31,4200,1.4519334559774,2.83566873209635,2.77759139385726
-10_-46,-10,-46,CHEES_-30_4200.csv,-30,4200,1.45498091352871,2.93143655397986,2.87323731743872
-22_-52,-22,-52,CHEES_-32_4200.csv,-32,4200,1.45529353929026,2.76630064126014,2.70808889968853
-28_-56,-28,-56,CHEES_-33_4200.csv,-33,4200,1.45565719734884,2.76303171073503,2.70480542284108
-14_-48,-14,-48,CHEES_-31_4200.csv,-31,4200,1.45686994521779,2.82509370554031,2.7668189077316
-18_-50,-18,-50,CHEES_-31_4200.csv,-31,4200,1.45707210312658,2.82919170827257,2.7709088241475
-24_-54,-24,-54,CHEES_-32_4200.csv,-32,4200,1.45944910916824,2.78057453703353,2.7221965726668
-7_-46,-7,-46,CHEES_-30_4200.csv,-30,4200,1.46015495642048,2.92145004524372,2.8630438469869
-30_-58,-30,-58,CHEES_-34_4200.csv,-34,4200,1.46043385037095,2.73197773911782,2.67356038510298
-6_-46,-6,-46,CHEES_-30_4200.csv,-30,4200,1.46171804350551,2.91846025670106,2.85999153496084
-20_-52,-20,-52,CHEES_-32_4200.csv,-32,4200,1.46196271062756,2.74855295100011,2.690074442575
-16_-50,-16,-50,CHEES_-31_4200.csv,-31,4200,1.46217570613866,2.81643087311269,2.75794384486714
-5_-46,-5,-46,CHEES_-30_4200.csv,-30,4200,1.4632549074314,2.91569300899397,2.85716281269672
-26_-56,-26,-56,CHEES_-33_4200.csv,-33,4200,1.46348245820843,2.72824932465524,2.6697100263269
-22_-54,-22,-54,CHEES_-32_4200.csv,-32,4200,1.46622047542673,2.75777057374658,2.69912175472951
-14_-50,-14,-50,CHEES_-31_4200.csv,-31,4200,1.46701541193823,2.80531155517556,2.74663093869803
-18_-52,-18,-52,CHEES_-32_4200.csv,-32,4200,1.4677421078898,2.73384712334786,2.67513743903227
-28_-58,-28,-58,CHEES_-33_4200.csv,-33,4200,1.4677658745828,2.76083246651145,2.70212183152814
-8_-48,-8,-48,CHEES_-31_4200.csv,-31,4200,1.46903781800772,2.80106713268024,2.74230561995993
-10_-52,-10,-52,CHEES_-32_4200.csv,-32,4200,1.4698419146063,2.73686985894944,2.67807618236519
-7_-48,-7,-48,CHEES_-31_4200.csv,-31,4200,1.47063713600883,2.79859241189317,2.73976692645281
-24_-56,-24,-56,CHEES_-33_4200.csv,-33,4200,1.47063970718008,2.70259975836024,2.64377417007303
-12_-50,-12,-50,CHEES_-31_4200.csv,-31,4200,1.47152341276538,2.79612046291115,2.73725952640054
-30_-60,-30,-60,CHEES_-34_4200.csv,-34,4200,1.47181943888165,2.73318789964559,2.67431512209033
-6_-48,-6,-48,CHEES_-31_4200.csv,-31,4200,1.47202966509761,2.79571136037165,2.73683017376774
-20_-54,-20,-54,CHEES_-32_4200.csv,-32,4200,1.4722926902227,2.73970074952412,2.68080904191522
-16_-52,-16,-52,CHEES_-32_4200.csv,-32,4200,1.47340364516737,2.7222242380962,2.66328809228951
-5_-48,-5,-48,CHEES_-31_4200.csv,-31,4200,1.47366909791728,2.79317416378575,2.73422739986906
-7_-54,-7,-54,CHEES_-34_4200.csv,-34,4200,1.47454954169419,2.61354462065223,2.55456263898446
-26_-58,-26,-58,CHEES_-33_4200.csv,-33,4200,1.47488080350251,2.72670097578355,2.66770574364345
-10_-50,-10,-50,CHEES_-31_4200.csv,-31,4200,1.47548602483538,2.78795008552077,2.72893064452736
-22_-56,-22,-56,CHEES_-33_4200.csv,-33,4200,1.47707287655153,2.68248659176368,2.62340367670161
-14_-52,-14,-52,CHEES_-32_4200.csv,-32,4200,1.47756630232196,2.7117110054168,2.65260835332392
-18_-54,-18,-54,CHEES_-32_4200.csv,-32,4200,1.47791772431476,2.72481323994765,2.66569653097506
-8_-50,-8,-50,CHEES_-31_4200.csv,-31,4200,1.47898827989933,2.78058600599956,2.72142647480359
-28_-60,-28,-60,CHEES_-34_4200.csv,-34,4200,1.47899571079989,2.69331510515747,2.63415527672547
-7_-50,-7,-50,CHEES_-31_4200.csv,-31,4200,1.48077507917857,2.77769821594968,2.71846721278254
-24_-58,-24,-58,CHEES_-33_4200.csv,-33,4200,1.48141041867301,2.70064454389901,2.64138812715209
-12_-52,-12,-52,CHEES_-32_4200.csv,-32,4200,1.48176983378066,2.70311895540019,2.64384816204896
-6_-50,-6,-50,CHEES_-31_4200.csv,-31,4200,1.4821755980651,2.77484950437447,2.71556248045187
-20_-56,-20,-56,CHEES_-33_4200.csv,-33,4200,1.48302266347367,2.66629256608515,2.6069716595462
-16_-54,-16,-54,CHEES_-32_4200.csv,-32,4200,1.4831612271771,2.71244256963805,2.65311612055097
-5_-50,-5,-50,CHEES_-31_4200.csv,-31,4200,1.48356300663186,2.77199348595023,2.71265096568495
-26_-60,-26,-60,CHEES_-34_4200.csv,-34,4200,1.48557856106538,2.66430153545723,2.60487839301461
-22_-58,-22,-58,CHEES_-33_4200.csv,-33,4200,1.48752723154865,2.68021208546802,2.62071099620607
-14_-54,-14,-54,CHEES_-32_4200.csv,-32,4200,1.48770495003893,2.70257831990471,2.64307012190315
-18_-56,-18,-56,CHEES_-33_4200.csv,-33,4200,1.48832408379064,2.65299995927962,2.59346699592799
-8_-52,-8,-52,CHEES_-32_4200.csv,-32,4200,1.48879030215693,2.68920886312739,2.62965725104111
-7_-52,-7,-52,CHEES_-32_4200.csv,-32,4200,1.49045438959279,2.6862657983017,2.62664762271799
-12_-54,-12,-54,CHEES_-32_4200.csv,-32,4200,1.4914640197787,2.69315689832837,2.63349833753722
-24_-60,-24,-60,CHEES_-34_4200.csv,-34,4200,1.49196508600635,2.64165204890364,2.58197344546338
-6_-52,-6,-52,CHEES_-32_4200.csv,-32,4200,1.49216629981153,2.68352604189287,2.62383938990041
-16_-56,-16,-56,CHEES_-33_4200.csv,-33,4200,1.4930272665109,2.64184904879328,2.58212795813284
-20_-58,-20,-58,CHEES_-33_4200.csv,-33,4200,1.493202513309,2.66395496610655,2.60422686557419
-5_-52,-5,-52,CHEES_-32_4200.csv,-32,4200,1.49342750999294,2.68080661242012,2.6210695120204
-10_-54,-10,-54,CHEES_-32_4200.csv,-32,4200,1.4952251669022,2.68534700896711,2.62553800229102
-14_-56,-14,-56,CHEES_-33_4200.csv,-33,4200,1.49764889863627,2.63198081743583,2.57207486149038
-22_-60,-22,-60,CHEES_-34_4200.csv,-34,4200,1.49776668093949,2.62360038991347,2.56368972267589
-18_-58,-18,-58,CHEES_-33_4200.csv,-33,4200,1.49830000591643,2.6505861455678,2.59065414533115
-8_-54,-8,-54,CHEES_-32_4200.csv,-32,4200,1.49869225520075,2.67859561568498,2.61864792547695
-10_-56,-10,-56,CHEES_-32_4300.csv,-32,4300,1.49946676814264,2.70168610091249,2.64170743018678
-12_-56,-12,-56,CHEES_-33_4200.csv,-33,4200,1.50144259839086,2.6238343873662,2.56377668343056
-6_-54,-6,-54,CHEES_-32_4200.csv,-32,4200,1.50207376708543,2.67246729779091,2.61238434710749
-16_-58,-16,-58,CHEES_-33_4200.csv,-33,4200,1.50302997401162,2.63898612029943,2.57886492133896
-20_-60,-20,-60,CHEES_-34_4200.csv,-34,4200,1.50325249513726,2.60904806813504,2.54891796832955
-5_-54,-5,-54,CHEES_-32_4200.csv,-32,4200,1.50340303341412,2.66968576898271,2.60954964764615
-14_-58,-14,-58,CHEES_-33_4200.csv,-33,4200,1.50714297818343,2.62913888162771,2.56885316250037
-18_-60,-18,-60,CHEES_-34_4200.csv,-34,4200,1.50830903468499,2.59652735266423,2.53619499127683
-8_-56,-8,-56,CHEES_-33_4200.csv,-33,4200,1.50839411006999,2.61043591391319,2.55010014951039
-7_-56,-7,-56,CHEES_-33_4200.csv,-33,4200,1.50986878601986,2.60745498377223,2.54706023233144
-12_-58,-12,-58,CHEES_-33_4200.csv,-33,4200,1.51103994073394,2.62067019943358,2.56022860180422
-6_-56,-6,-56,CHEES_-33_4200.csv,-33,4200,1.51143854110678,2.60471342810553,2.54425588646125
-5_-56,-5,-56,CHEES_-33_4200.csv,-33,4200,1.51271892456298,2.60204836909838,2.54153961211586
-16_-60,-16,-60,CHEES_-34_4200.csv,-34,4200,1.51277104727605,2.58611138812959,2.52560054623855
-10_-58,-10,-58,CHEES_-33_4200.csv,-33,4200,1.51462499444016,2.61335308728528,2.55276808750767
-14_-60,-14,-60,CHEES_-34_4200.csv,-34,4200,1.51644532793081,2.57701236331083,2.5163545501936
-8_-58,-8,-58,CHEES_-33_4200.csv,-33,4200,1.51812139360666,2.6065149917366,2.54579013599233
-7_-58,-7,-58,CHEES_-33_4200.csv,-33,4200,1.5194729064014,2.60349296456918,2.54271404831312
-12_-60,-12,-60,CHEES_-34_4200.csv,-34,4200,1.52054139200272,2.56914914806643,2.50832749238632
-6_-58,-6,-58,CHEES_-33_4200.csv,-33,4200,1.52086574572764,2.60088002824621,2.5400453984171
-5_-60,-5,-60,CHEES_-35_4300.csv,-35,4300,1.52174660564737,2.52357023493959,2.46270037071369
-5_-58,-5,-58,CHEES_-33_4200.csv,-33,4200,1.52233408779628,2.59815901926629,2.53726565575443
-10_-60,-10,-60,CHEES_-34_4200.csv,-34,4200,1.52385123733187,2.5621702705691,2.50121622107582
-8_-60,-8,-60,CHEES_-34_4200.csv,-34,4200,1.52691470069865,2.55600750130985,2.4949309132819
-7_-60,-7,-60,CHEES_-34_4200.csv,-34,4200,1.52860584756524,2.55318616072833,2.49204192682572
-6_-60,-6,-60,CHEES_-34_4200.csv,-34,4200,1.53000602122696,2.5505166385516,2.48931639770252
